<?xml version="1.0" encoding="UTF-8" ?>
<!DOCTYPE mapper PUBLIC "-//mybatis.org//DTD Mapper 3.0//EN" "http://mybatis.org/dtd/mybatis-3-mapper.dtd">
<mapper namespace="com.gupaoedu.mapper.BlogMapper">
    <!-- 声明这个namespace使用二级缓存 -->
<!--    <cache/>-->

    <!-- 使用Redis作为二级缓存 -->
<!--
    <cache type="org.mybatis.caches.redis.RedisCache"
           eviction="FIFO" flushInterval="60000" size="512" readOnly="true"/>
-->
        <cache type="org.apache.ibatis.cache.impl.PerpetualCache"
               size="1024"
               eviction="LRU"
               flushInterval="120000"
               readOnly="false"/>

    <resultMap id="BaseResultMap" type="blog">
        <id column="bid" property="bid" jdbcType="INTEGER"/>
<!--
        <result column="name" property="name" jdbcType="VARCHAR" typeHandler="com.gupaoedu.type.MyTypeHandler"/>
-->
        <result column="name" property="name" jdbcType="VARCHAR"/>
        <result column="author_id" property="authorId" jdbcType="INTEGER"/>
    </resultMap>

    <!-- 根据文章查询作者，一对一查询的结果，嵌套查询 -->
    <resultMap id="BlogWithAuthorResultMap" type="com.gupaoedu.domain.associate.BlogAndAuthor">
        <id column="bid" property="bid" jdbcType="INTEGER"/>
        <result column="name" property="name" jdbcType="VARCHAR"/>
        <!-- 联合查询，将author的属性映射到ResultMap -->
        <association property="author" javaType="com.gupaoedu.domain.Author">
            <id column="author_id" property="authorId"/>
            <result column="author_name" property="authorName"/>
        </association>
    </resultMap>

    <!-- 另一种联合查询(一对一)的实现，但是这种方式有“N+1”的问题 -->
    <resultMap id="BlogWithAuthorQueryMap" type="com.gupaoedu.domain.associate.BlogAndAuthor">
        <id column="bid" property="bid" jdbcType="INTEGER"/>
        <result column="name" property="name" jdbcType="VARCHAR"/>
        <association property="author" javaType="com.gupaoedu.domain.Author"
                     column="author_id" select="selectAuthor"/> <!-- selectAuthor 定义在下面-->
    </resultMap>

    <!--  查询文章带评论的结果（一对多） -->
    <resultMap id="BlogWithCommentMap" type="com.gupaoedu.domain.associate.BlogAndComment" extends="BaseResultMap" >
        <collection property="comment" ofType="com.gupaoedu.domain.Comment">
            <id column="comment_id" property="commentId" />
            <result column="content" property="content" />
        </collection>
    </resultMap>

    <!--  按作者查询文章评论的结果（多对多） -->
    <resultMap id="AuthorWithBlogMap" type="com.gupaoedu.domain.associate.AuthorAndBlog" >
        <id column="author_id" property="authorId" jdbcType="INTEGER"/>
        <result column="author_name" property="authorName" jdbcType="VARCHAR"/>
        <collection property="blog" ofType="com.gupaoedu.domain.associate.BlogAndComment">
            <id column="bid" property="bid" />
            <result column="name" property="name" />
            <result column="author_id" property="authorId" />
            <collection property="comment" ofType="com.gupaoedu.domain.Comment">
                <id column="comment_id" property="commentId" />
                <result column="content" property="content" />
            </collection>
        </collection>
    </resultMap>

    <!-- ===============以上是resultMap定义================= -->

    <select id="selectBlogById" resultMap="BaseResultMap" statementType="PREPARED" >
        select * from blog where bid = #{bid}
    </select>

    <!-- $只能用在自定义类型和map上 -->
    <select id="selectBlogByBean"  parameterType="blog" resultType="blog" >
        select bid, name, author_id authorId from blog where name = '${name}'
    </select>

    <select id="selectBlogList" resultMap="BaseResultMap" >
        select bid, name, author_id authorId from blog
    </select>

    <!-- 动态SQL where 和 if  -->
    <select id="selectBlogListIf" parameterType="blog" resultMap="BaseResultMap" >
        select bid, name, author_id authorId from blog
        <where>
            <if test="bid != null">
                AND bid = #{bid}
            </if>
            <if test="name != null and name != ''">
                AND name LIKE '%${name}%'
            </if>
            <if test="authorId != null">
                AND author_id = #{authorId}
            </if>
        </where>
    </select>

    <!-- 动态SQL choose -->
    <select id="selectBlogListChoose" parameterType="blog" resultMap="BaseResultMap" >
        select bid, name, author_id authorId from blog
        <where>
            <choose>
                <when test="bid !=null">
                    bid = #{bid, jdbcType=INTEGER}
                </when>
                <when test="name != null and name != ''">
                    AND name LIKE CONCAT(CONCAT('%', #{name, jdbcType=VARCHAR}),'%')
                </when>
                <when test="authorId != null ">
                    AND author_id = #{authorId, jdbcType=INTEGER}
                </when>
                <otherwise>
                </otherwise>
            </choose>
        </where>
    </select>

    <!-- 动态SQL set -->
    <update id="updateByPrimaryKey" parameterType="blog">
        update blog
        <set>
            <if test="name != null">
                name = #{name,jdbcType=VARCHAR},
            </if>
            <if test="authorId != null">
                author_id = #{authorId,jdbcType=CHAR},
            </if>
        </set>
        where bid = #{bid,jdbcType=INTEGER}
    </update>

    <!-- 动态SQL trim -->
    <insert id="insertBlog" parameterType="blog">
    insert into blog
        <trim prefix="(" suffix=")" suffixOverrides=",">
            <if test="bid != null">
                bid,
            </if>
            <if test="name != null">
                name,
            </if>
            <if test="authorId != null">
                author_id,
            </if>
        </trim>
        <trim prefix="values (" suffix=")" suffixOverrides=",">
            <if test="bid != null">
                #{bid,jdbcType=INTEGER},
            </if>
            <if test="name != null">
                #{name,jdbcType=VARCHAR},
                <!-- #{name,jdbcType=VARCHAR,typeHandler=com.gupaoedu.type.MyTypeHandler}, -->
            </if>
            <if test="authorId != null">
                #{authorId,jdbcType=INTEGER},
            </if>
        </trim>
    </insert>

    <!-- foreach 动态SQL 批量插入 -->
    <insert id="insertBlogList" parameterType="java.util.List">
        insert into blog (bid, name, author_id)
        values
        <foreach collection="list" item="blogs" index="index"  separator=",">
            ( #{blogs.bid},#{blogs.name},#{blogs.authorId} )
        </foreach>
    </insert>

    <!-- foreach 动态SQL 批量删除 -->
    <delete id="deleteByList" parameterType="java.util.List">
        delete from blog where bid in
        <foreach collection="list" item="item" open="(" separator="," close=")">
            #{item.bid,jdbcType=INTEGER}
        </foreach>
    </delete>

    <!-- foreach 动态SQL 批量更新-->
    <update id="updateBlogList">
        update blog set
        name =
        <foreach collection="list" item="blogs" index="index" separator=" " open="case bid" close="end">
            when #{blogs.bid} then #{blogs.name}
        </foreach>
        ,author_id =
        <foreach collection="list" item="blogs" index="index" separator=" " open="case bid" close="end">
            when #{blogs.bid} then #{blogs.authorId}
        </foreach>
        where bid in
        <foreach collection="list" item="item" open="(" separator="," close=")">
            #{item.bid,jdbcType=INTEGER}
        </foreach>
    </update>

    <!-- 根据文章查询作者，一对一，嵌套结果，无N+1问题 -->
    <select id="selectBlogWithAuthorResult" resultMap="BlogWithAuthorResultMap" >
        select b.bid, b.name, b.author_id, a.author_id , a.author_name
        from blog b
        left join author a
        on b.author_id=a.author_id
        where b.bid = #{bid, jdbcType=INTEGER}
    </select>

    <!-- 根据文章查询作者，一对一，嵌套查询，存在N+1问题，可通过开启延迟加载解决 -->
    <select id="selectBlogWithAuthorQuery" resultMap="BlogWithAuthorQueryMap" >
        select b.bid, b.name, b.author_id, a.author_id , a.author_name
        from blog b
        left join author a
        on b.author_id=a.author_id
        where b.bid = #{bid, jdbcType=INTEGER}
    </select>

    <!-- 嵌套查询 -->
    <select id="selectAuthor" parameterType="int" resultType="com.gupaoedu.domain.Author">
        select author_id authorId, author_name authorName
        from author where author_id = #{authorId}
    </select>

    <!-- 根据文章查询评论，一对多 -->
    <select id="selectBlogWithCommentById" resultMap="BlogWithCommentMap" >
        select b.bid, b.name, b.author_id authorId, c.comment_id commentId, c.content
        from blog b, comment c
        where b.bid = c.bid
        and b.bid = #{bid}
    </select>

    <!-- 根据作者文章评论，多对多 -->
    <select id="selectAuthorWithBlog" resultMap="AuthorWithBlogMap" >
        select b.bid, b.name, a.author_id authorId, a.author_name authorName, c.comment_id commentId, c.content
        from blog b, author a, comment c
        where b.author_id = a.author_id and b.bid = c.bid
    </select>

    <!-- 手动实现翻页，没有对应方法，取消注释会报错 -->
<!--    <select id="selectBlogPage" parameterType="map" resultMap="BaseResultMap">
        select * from blog limit #{curIndex} , #{pageSize}
    </select>-->

    <!-- 自动生成的Example -->
    <sql id="Base_Column_List">
        bid, name, author_id
    </sql>
    <sql id="Example_Where_Clause">
        <where>
            <foreach collection="oredCriteria" item="criteria" separator="or">
                <if test="criteria.valid">
                    <trim prefix="(" prefixOverrides="and" suffix=")">
                        <foreach collection="criteria.criteria" item="criterion">
                            <choose>
                                <when test="criterion.noValue">
                                    and ${criterion.condition}
                                </when>
                                <when test="criterion.singleValue">
                                    and ${criterion.condition} #{criterion.value}
                                </when>
                                <when test="criterion.betweenValue">
                                    and ${criterion.condition} #{criterion.value} and #{criterion.secondValue}
                                </when>
                                <when test="criterion.listValue">
                                    and ${criterion.condition}
                                    <foreach close=")" collection="criterion.value" item="listItem" open="(" separator=",">
                                        #{listItem}
                                    </foreach>
                                </when>
                            </choose>
                        </foreach>
                    </trim>
                </if>
            </foreach>
        </where>
    </sql>

    <select id="selectByExample" parameterType="com.gupaoedu.domain.BlogExample" resultMap="BaseResultMap">
        select
        <if test="distinct">
            distinct
        </if>
        'true' as QUERYID,
        <include refid="Base_Column_List" />
        from blog
        <if test="_parameter != null">
            <include refid="Example_Where_Clause" />
        </if>
        <if test="orderByClause != null">
            order by ${orderByClause}
        </if>
    </select>
</mapper>