<?xml version="1.0" encoding="UTF-8"?>
<beans xmlns="http://www.springframework.org/schema/beans"
       xmlns:xsi="http://www.w3.org/2001/XMLSchema-instance"
       xmlns:aop="http://www.springframework.org/schema/aop"
       xmlns:context="http://www.springframework.org/schema/context"
       xmlns:tx="http://www.springframework.org/schema/tx"
       xmlns:mybatis-spring="http://mybatis.org/schema/mybatis-spring"
       xsi:schemaLocation="http://www.springframework.org/schema/beans
           http://www.springframework.org/schema/beans/spring-beans-2.0.xsd
           http://www.springframework.org/schema/aop
           http://www.springframework.org/schema/aop/spring-aop-2.0.xsd
           http://www.springframework.org/schema/tx
           http://www.springframework.org/schema/tx/spring-tx-2.0.xsd
           http://www.springframework.org/schema/context
           http://www.springframework.org/schema/context/spring-context.xsd http://mybatis.org/schema/mybatis-spring http://mybatis.org/schema/mybatis-spring.xsd">

    <context:component-scan base-package="com.gupaoedu.crud">
        <context:include-filter type="annotation" expression="org.springframework.stereotype.Controller"></context:include-filter>
    </context:component-scan>

    <bean id="jdbc" class="org.springframework.beans.factory.config.PropertyPlaceholderConfigurer">
        <property name="locations" value="classpath*:jdbc.properties"/>
    </bean>

    <!-- Spring的连接池 -->
<!--   <bean id="dataSource" class="org.springframework.jdbc.datasource.DriverManagerDataSource">
        <property name="driverClassName" value="${driverClassName}"/>
        <property name="url" value="${url}"/>
        <property name="username" value="${username}"/>
        <property name="password" value="${password}"/>
    </bean>-->

    <!-- Druid连接池 -->
    <bean id="dataSource" class="com.alibaba.druid.pool.DruidDataSource" init-method="init" destroy-method="close">
        <!-- 基本属性 url、user、password -->
        <property name="driverClassName" value="${druid.driverClassName}" />
        <property name="url" value="${druid.url}" />
        <property name="username" value="${druid.username}" />
        <property name="password" value="${druid.password}" />
        <!-- 配置初始化大小、最小、最大 -->
        <property name="maxActive" value="${druid.maxActive}" />
        <property name="initialSize" value="${druid.initialSize}" />
        <property name="minIdle" value="${druid.minIdle}" />

        <!-- 配置获取连接等待超时的时间 -->
        <property name="maxWait" value="${druid.maxWait}" />

        <!-- 配置间隔多久才进行一次检测，检测需要关闭的空闲连接，单位是毫秒 -->
        <property name="timeBetweenEvictionRunsMillis" value="${druid.timeBetweenEvictionRunsMillis}" />

        <!-- 配置一个连接在池中最小生存的时间，单位是毫秒 -->
        <property name="minEvictableIdleTimeMillis" value="${druid.minEvictableIdleTimeMillis}" />

        <property name="testWhileIdle" value="${druid.testWhileIdle}" />
        <property name="testOnBorrow" value="${druid.testOnBorrow}" />
        <property name="testOnReturn" value="${druid.testOnReturn}" />

        <!-- 打开PSCache，并且指定每个连接上PSCache的大小 -->
        <property name="poolPreparedStatements" value="${druid.poolPreparedStatements}" />
        <property name="maxOpenPreparedStatements" value="${druid.maxOpenPreparedStatements}" />

    </bean>

    <!-- 在Spring启动时创建 sqlSessionFactory -->
    <bean id="sqlSessionFactory" class="org.mybatis.spring.SqlSessionFactoryBean">
        <property name="configLocation" value="classpath:mybatis-config.xml"></property>
        <property name="mapperLocations" value="classpath:mapper/*.xml"></property>
        <property name="dataSource" ref="dataSource"/>
    </bean>

    <bean id="jdbcTemplate" class="org.springframework.jdbc.core.JdbcTemplate" >
        <property name="dataSource" ref="dataSource"></property>
    </bean>

    <!--配置扫描器，将mybatis的接口实现加入到  IOC容器中  -->
<!--
    <mybatis-spring:scan #base-package="com.gupaoedu.crud.dao"/>
-->
    <bean id="mapperScanner" class="org.mybatis.spring.mapper.MapperScannerConfigurer">
        <property name="basePackage" value="com.gupaoedu.crud.dao"/>
    </bean>

    <!-- 接口的普通注册方式 -->
<!--
    <bean id="employeeMapper" class="org.mybatis.spring.mapper.MapperFactoryBean" autowire="byType">
        <property name="mapperInterface" value="com.gupaoedu.crud.dao.EmployeeMapper" />
    </bean>-->

    <!-- DAO层的实现类 -->
    <bean id="employeeDao" class="com.gupaoedu.crud.daosupport.EmployeeDaoImpl">
        <property name="sqlSessionFactory" ref="sqlSessionFactory"/>
    </bean>

    <!--配置一个可以执行批量的sqlSession，全局唯一，单例 -->
    <bean id="sqlSession" class="org.mybatis.spring.SqlSessionTemplate">
        <constructor-arg  ref="sqlSessionFactory"></constructor-arg>
        <constructor-arg  value="BATCH"></constructor-arg>
    </bean>

    <!--开启事务控制-->
    <bean id="transactionManager" class="org.springframework.jdbc.datasource.DataSourceTransactionManager">
        <property name="dataSource" ref="dataSource"/>
    </bean>

    <aop:config>
        <aop:pointcut expression="execution(* com.gupaoedu.crud.service..*(..))" id="txPoint"/>
        <aop:advisor advice-ref="txAdvice" pointcut-ref="txPoint"/>
    </aop:config>
    <tx:advice id="txAdvice">
        <tx:attributes>
            <tx:method name="*"/>
            <tx:method name="get*" read-only="true"/>
        </tx:attributes>
    </tx:advice>

</beans>