<?xml version="1.0" encoding="UTF-8"?>
<beans xmlns="http://www.springframework.org/schema/beans"
	   xmlns:xsi="http://www.w3.org/2001/XMLSchema-instance" xmlns:mvc="http://www.springframework.org/schema/mvc"
	   xmlns:p="http://www.springframework.org/schema/p"
	   xmlns:context="http://www.springframework.org/schema/context"
	   xmlns:aop="http://www.springframework.org/schema/aop" xmlns:util="http://www.springframework.org/schema/util"
	   xsi:schemaLocation="http://www.springframework.org/schema/beans http://www.springframework.org/schema/beans/spring-beans.xsd
       http://www.springframework.org/schema/mvc http://www.springframework.org/schema/mvc/spring-mvc-4.3.xsd
       http://www.springframework.org/schema/context http://www.springframework.org/schema/context/spring-context-4.3.xsd
       http://www.springframework.org/schema/aop http://www.springframework.org/schema/aop/spring-aop-4.3.xsd
       http://www.springframework.org/schema/util http://www.springframework.org/schema/util/spring-util-4.3.xsd">

	<!-- 启动Spring MVC的注解功能，完成请求和注解POJO的映射 -->

	<bean class="org.springframework.web.servlet.mvc.method.annotation.RequestMappingHandlerAdapter">
		<property name="messageConverters">
			<list>
				<ref bean="mappingJacksonHttpMessageConverter" />
			</list>
		</property>
	</bean>

	<bean id="mappingJacksonHttpMessageConverter"
		  class="org.springframework.http.converter.json.MappingJackson2HttpMessageConverter">
		<property name = "supportedMediaTypes">
			<list>
				<bean class="org.springframework.http.MediaType">
					<constructor-arg index="0" value="text"/>
					<constructor-arg index="1" value="plain"/>
					<constructor-arg index="2" value="UTF-8"/>
				</bean>
				<bean class="org.springframework.http.MediaType">
					<constructor-arg index="0" value="*"/>
					<constructor-arg index="1" value="*"/>
					<constructor-arg index="2" value="UTF-8"/>
				</bean>
				<bean class="org.springframework.http.MediaType">
					<constructor-arg index="0" value="text"/>
					<constructor-arg index="1" value="*"/>
					<constructor-arg index="2" value="UTF-8"/>
				</bean>
				<bean class="org.springframework.http.MediaType">
					<constructor-arg index="0" value="application"/>
					<constructor-arg index="1" value="json"/>
					<constructor-arg index="2" value="UTF-8"/>
				</bean>
			</list>
		</property>
	</bean>


</beans>